MAE,R2 Score
0.3228459,0.9500293548291157
