MAE,R2 Score
0.30120462,0.9530628266938005
