MAE,R2 Score
0.28314343,0.9641156410451943
