MAE,R2 Score
0.3089220260423102,0.9556014105042271
